indication_mesh_id	indication_mesh_term	topl
C537477		OTH
D000007	Abdominal Injuries	OTH
D000015	Abnormalities, Multiple	C16
D000022	Abortion, Spontaneous	OTH
D000068884	Immunosenescence	C20
D000070607	Morton Neuroma	C05
D000070607	Morton Neuroma	C10
D000070607	Morton Neuroma	C23
D000070627	Chronic Traumatic Encephalopathy	C10
D000070642	Brain Injuries, Traumatic	C10
D000071057	Tardive Dyskinesia	C10
D000071057	Tardive Dyskinesia	C23
D000071243	Zika Virus Infection	C01
D000071700	Cone-Rod Dystrophies	C11
D000071700	Cone-Rod Dystrophies	C16
D000072661	Ciliopathies	C16
D000072716	Cancer Pain	C23
D000072742	Invasive Fungal Infections	C01
D000072861	Phobia, Social	F03
D000073376	Epileptic Syndromes	C10
D000073496	Frailty	C23
D000075262	Hypoadrenocorticism, Familial	C19
D000075363	Immunoglobulin Light-chain Amyloidosis	C04
D000077295	Urinary Bladder, Underactive	C23
D000077299	Healthcare-Associated Pneumonia	C01
D000077299	Healthcare-Associated Pneumonia	C08
D000077299	Healthcare-Associated Pneumonia	C23
D000077733	Immunoglobulin G4-Related Disease	C20
D000079689	Opioid-Induced Constipation	C23
D000079689	Opioid-Induced Constipation	F03
D000079690	Postoperative Cognitive Complications	C23
D000079690	Postoperative Cognitive Complications	F03
D000080365	Birdshot Chorioretinopathy	C11
D000080365	Birdshot Chorioretinopathy	C20
D000080424	Cytokine Release Syndrome	C23
D000080984	Congenital Bone Marrow Failure Syndromes	C15
D000080984	Congenital Bone Marrow Failure Syndromes	C16
D000081207	Primary Immunodeficiency Diseases	C16
D000081207	Primary Immunodeficiency Diseases	C20
D000086382	COVID-19	C01
D000086382	COVID-19	C08
D000138	Acidosis	C18
D000152	Acne Vulgaris	C17
D000172	Acromegaly	C05
D000172	Acromegaly	C10
D000172	Acromegaly	C19
D000224	Addison Disease	C19
D000224	Addison Disease	C20
D000258	Adenovirus Infections, Human	C01
D000292	Pelvic Inflammatory Disease	C01
D000310	Adrenal Gland Neoplasms	C04
D000326	Adrenoleukodystrophy	C10
D000326	Adrenoleukodystrophy	C16
D000326	Adrenoleukodystrophy	C18
D000326	Adrenoleukodystrophy	C19
D000347	Afibrinogenemia	C15
D000347	Afibrinogenemia	C16
D000361	Agammaglobulinemia	C15
D000361	Agammaglobulinemia	C20
D000417	Albinism	C11
D000417	Albinism	C16
D000417	Albinism	C17
D000417	Albinism	C18
D000435	Alcoholic Intoxication	F03
D000437	Alcoholism	F03
D000505	Alopecia	C17
D000505	Alopecia	C23
D000506	Alopecia Areata	C17
D000542	Alveolitis, Extrinsic Allergic	C08
D000542	Alveolitis, Extrinsic Allergic	C20
D000544	Alzheimer Disease	C10
D000544	Alzheimer Disease	F03
D000550	Amblyopia	C10
D000550	Amblyopia	C11
D000550	Amblyopia	C23
D000568	Amenorrhea	C23
D000592	Amino Acid Metabolism, Inborn Errors	C16
D000592	Amino Acid Metabolism, Inborn Errors	C18
D000627	Aminophenols	OTH
D000647	Amnesia	C10
D000647	Amnesia	C23
D000647	Amnesia	F03
D000686	Amyloidosis	C18
D000690	Amyotrophic Lateral Sclerosis	C10
D000690	Amyotrophic Lateral Sclerosis	C18
D000707	Anaphylaxis	C20
D000740	Anemia	C15
D000741	Anemia, Aplastic	C15
D000744	Anemia, Hemolytic, Autoimmune	C15
D000744	Anemia, Hemolytic, Autoimmune	C20
D000745	Anemia, Hemolytic, Congenital	C15
D000745	Anemia, Hemolytic, Congenital	C16
D000746	Anemia, Hemolytic, Congenital Nonspherocytic	C15
D000746	Anemia, Hemolytic, Congenital Nonspherocytic	C16
D000755	Anemia, Sickle Cell	C15
D000755	Anemia, Sickle Cell	C16
D000758	Anesthesia	OTH
D000762	Anesthesia Recovery Period	OTH
D000783	Aneurysm	C14
D000787	Angina Pectoris	C14
D000787	Angina Pectoris	C23
D000789	Angina, Unstable	C14
D000789	Angina, Unstable	C23
D000795	Fabry Disease	C10
D000795	Fabry Disease	C14
D000795	Fabry Disease	C16
D000795	Fabry Disease	C18
D000799	Angioedema	C14
D000799	Angioedema	C17
D000799	Angioedema	C20
D000855	Anorexia	C23
D000856	Anorexia Nervosa	F03
D000881	Anthrax	C01
D001005	Anus Neoplasms	C04
D001008	Anxiety Disorders	F03
D001024	Aortic Valve Stenosis	C14
D001026	Coronary Artery Bypass	OTH
D001049	Apnea	C08
D001049	Apnea	C23
D001068	Feeding and Eating Disorders	F03
D001145	Arrhythmias, Cardiac	C14
D001145	Arrhythmias, Cardiac	C23
D001165	Arteriovenous Malformations	C14
D001165	Arteriovenous Malformations	C16
D001168	Arthritis	C05
D001171	Arthritis, Juvenile	C05
D001171	Arthritis, Juvenile	C17
D001171	Arthritis, Juvenile	C20
D001172	Arthritis, Rheumatoid	C05
D001172	Arthritis, Rheumatoid	C17
D001172	Arthritis, Rheumatoid	C20
D001201	Ascites	C23
D001228	Aspergillosis	C01
D001249	Asthma	C08
D001249	Asthma	C20
D001259	Ataxia	C10
D001259	Ataxia	C23
D001260	Ataxia Telangiectasia	C10
D001260	Ataxia Telangiectasia	C14
D001260	Ataxia Telangiectasia	C16
D001260	Ataxia Telangiectasia	C18
D001260	Ataxia Telangiectasia	C20
D001281	Atrial Fibrillation	C14
D001281	Atrial Fibrillation	C23
D001289	Attention Deficit Disorder with Hyperactivity	F03
D001321	Autistic Disorder	F03
D001327	Autoimmune Diseases	C20
D001424	Bacterial Infections	C01
D001471	Barrett Esophagus	C04
D001478	Basal Cell Nevus Syndrome	C04
D001528	Behcet Syndrome	C11
D001528	Behcet Syndrome	C14
D001528	Behcet Syndrome	C16
D001528	Behcet Syndrome	C17
D001650	Bile Duct Neoplasms	C04
D001656	Biliary Atresia	C06
D001656	Biliary Atresia	C16
D001714	Bipolar Disorder	F03
D001749	Urinary Bladder Neoplasms	C04
D001750	Urinary Bladder, Neurogenic	C10
D001750	Urinary Bladder, Neurogenic	C23
D001762	Blepharitis	C11
D001763	Blepharoptosis	C11
D001764	Blepharospasm	C11
D001766	Blindness	C10
D001766	Blindness	C11
D001766	Blindness	C23
D001778	Blood Coagulation Disorders	C15
D001845	Bone Cysts	C04
D001847	Bone Diseases	C05
D001848	Bone Diseases, Developmental	C05
D001850	Bone Diseases, Infectious	C01
D001850	Bone Diseases, Infectious	C05
D001851	Bone Diseases, Metabolic	C05
D001851	Bone Diseases, Metabolic	C18
D001855	Bone Marrow Diseases	C15
D001859	Bone Neoplasms	C04
D001861	Bone Regeneration	C05
D001883	Borderline Personality Disorder	F03
D001906	Botulism	C01
D001906	Botulism	C10
D001919	Bradycardia	C14
D001919	Bradycardia	C23
D001927	Brain Diseases	C10
D001929	Brain Edema	C10
D001930	Brain Injuries	C10
D001932	Brain Neoplasms	C04
D001943	Breast Neoplasms	C04
D001987	Bronchiectasis	C08
D001989	Bronchiolitis Obliterans	C08
D001997	Bronchopulmonary Dysplasia	C08
D001997	Bronchopulmonary Dysplasia	C16
D002032	Bulimia	C23
D002056	Burns	OTH
D002062	Bursitis	C05
D002100	Cachexia	C23
D002177	Candidiasis	C01
D002189	Marijuana Abuse	F03
D002239	Carbohydrate Metabolism, Inborn Errors	C16
D002239	Carbohydrate Metabolism, Inborn Errors	C18
D002276	Carcinoid Tumor	C04
D002289	Carcinoma, Non-Small-Cell Lung	C04
D002294	Carcinoma, Squamous Cell	C04
D002311	Cardiomyopathy, Dilated	C14
D002311	Cardiomyopathy, Dilated	C16
D002312	Cardiomyopathy, Hypertrophic	C14
D002318	Cardiovascular Diseases	C14
D002385	Cataplexy	C10
D002385	Cataplexy	F03
D002386	Cataract	C11
D002446	Celiac Disease	C06
D002446	Celiac Disease	C18
D002526	Cerebellar Diseases	C10
D002543	Cerebral Hemorrhage	C10
D002543	Cerebral Hemorrhage	C14
D002543	Cerebral Hemorrhage	C23
D002544	Cerebral Infarction	C10
D002544	Cerebral Infarction	C14
D002544	Cerebral Infarction	C23
D002545	Brain Ischemia	C10
D002545	Brain Ischemia	C14
D002547	Cerebral Palsy	C10
D002578	Uterine Cervical Dysplasia	C04
D002583	Uterine Cervical Neoplasms	C04
D002607	Charcot-Marie-Tooth Disease	C10
D002607	Charcot-Marie-Tooth Disease	C16
D002690	Chlamydia Infections	C01
D002761	Cholangitis	C06
D002771	Cholera	C01
D002780	Cholestasis, Intrahepatic	C06
D002813	Chondrosarcoma	C04
D002817	Chordoma	C04
D002836	Hemophilia B	C15
D002836	Hemophilia B	C16
D002872	Chromosome Deletion	C23
D002925	Ciliary Motility Disorders	C08
D002925	Ciliary Motility Disorders	C16
D003027	Cluster Headache	C10
D003047	Coccidioidomycosis	C01
D003072	Cognition Disorders	F03
D003092	Colitis	C06
D003093	Colitis, Ulcerative	C06
D003117	Color Vision Defects	C10
D003117	Color Vision Defects	C11
D003117	Color Vision Defects	C23
D003139	Common Cold	C01
D003139	Common Cold	C08
D003231	Conjunctivitis	C11
D003233	Conjunctivitis, Allergic	C11
D003233	Conjunctivitis, Allergic	C20
D003248	Constipation	C23
D003267	Contraception	OTH
D003316	Corneal Diseases	C11
D003317	Corneal Dystrophies, Hereditary	C11
D003317	Corneal Dystrophies, Hereditary	C16
D003320	Corneal Ulcer	C01
D003320	Corneal Ulcer	C11
D003328	Coronary Thrombosis	C14
D003371	Cough	C08
D003371	Cough	C23
D003414	Crigler-Najjar Syndrome	C16
D003414	Crigler-Najjar Syndrome	C18
D003424	Crohn Disease	C06
D003453	Cryptococcosis	C01
D003456	Cryptorchidism	C16
D003456	Cryptorchidism	C19
D003457	Cryptosporidiosis	C01
D003457	Cryptosporidiosis	C06
D003528	Carcinoma, Adenoid Cystic	C04
D003550	Cystic Fibrosis	C06
D003550	Cystic Fibrosis	C08
D003550	Cystic Fibrosis	C16
D003554	Cystinosis	C16
D003554	Cystinosis	C18
D003586	Cytomegalovirus Infections	C01
D003668	Pressure Ulcer	C17
D003680	Deglutition Disorders	C06
D003693	Delirium	C10
D003693	Delirium	C23
D003693	Delirium	F03
D003699	Hepatitis D	C01
D003699	Hepatitis D	C06
D003704	Dementia	C10
D003704	Dementia	F03
D003715	Dengue	C01
D003863	Depression	F03
D003865	Depressive Disorder, Major	F03
D003872	Dermatitis	C17
D003876	Dermatitis, Atopic	C16
D003876	Dermatitis, Atopic	C17
D003876	Dermatitis, Atopic	C20
D003877	Dermatitis, Contact	C17
D003882	Dermatomyositis	C05
D003882	Dermatomyositis	C10
D003882	Dermatomyositis	C17
D003919	Diabetes Insipidus	C19
D003920	Diabetes Mellitus	C18
D003920	Diabetes Mellitus	C19
D003922	Diabetes Mellitus, Type 1	C18
D003922	Diabetes Mellitus, Type 1	C19
D003922	Diabetes Mellitus, Type 1	C20
D003924	Diabetes Mellitus, Type 2	C18
D003924	Diabetes Mellitus, Type 2	C19
D003928	Diabetic Nephropathies	C19
D003929	Diabetic Neuropathies	C10
D003929	Diabetic Neuropathies	C19
D003930	Diabetic Retinopathy	C11
D003930	Diabetic Retinopathy	C14
D003930	Diabetic Retinopathy	C19
D003967	Diarrhea	C23
D004211	Disseminated Intravascular Coagulation	C15
D004238	Diverticulitis	C06
D004314	Down Syndrome	C10
D004314	Down Syndrome	C16
D004357	Drug Synergism	OTH
D004374	Ductus Arteriosus, Patent	C14
D004374	Ductus Arteriosus, Patent	C16
D004381	Duodenal Ulcer	C06
D004392	Dwarfism	C05
D004392	Dwarfism	C16
D004392	Dwarfism	C19
D004393	Dwarfism, Pituitary	C05
D004393	Dwarfism, Pituitary	C10
D004393	Dwarfism, Pituitary	C19
D004402	Dysautonomia, Familial	C10
D004402	Dysautonomia, Familial	C16
D004409	Dyskinesia, Drug-Induced	C10
D004409	Dyskinesia, Drug-Induced	C23
D004412	Dysmenorrhea	C23
D004414	Dyspareunia	F03
D004415	Dyspepsia	C23
D004421	Dystonia	C10
D004421	Dystonia	C23
D004427	Ear Diseases	OTH
D004476	Ectodermal Dysplasia	C16
D004476	Ectodermal Dysplasia	C17
D004485	Eczema	C17
D004487	Edema	C23
D004489	Edema, Cardiac	C14
D004489	Edema, Cardiac	C23
D004535	Ehlers-Danlos Syndrome	C14
D004535	Ehlers-Danlos Syndrome	C15
D004535	Ehlers-Danlos Syndrome	C16
D004535	Ehlers-Danlos Syndrome	C17
D004646	Emphysema	C23
D004660	Encephalitis	C10
D004672	Encephalitis, Japanese	C01
D004672	Encephalitis, Japanese	C10
D004673	Encephalomyelitis, Acute Disseminated	C10
D004673	Encephalomyelitis, Acute Disseminated	C20
D004685	Encephalomyelitis, Venezuelan Equine	C01
D004685	Encephalomyelitis, Venezuelan Equine	C10
D004686	Encephalomyocarditis virus	C01
D004696	Endocarditis	C14
D004700	Endocrine System Diseases	C19
D004715	Endometriosis	OTH
D004719	Endomyocardial Fibrosis	C14
D004775	Enuresis	F03
D004820	Epidermolysis Bullosa	C16
D004820	Epidermolysis Bullosa	C17
D004827	Epilepsy	C10
D004828	Epilepsies, Partial	C10
D004829	Epilepsy, Generalized	C10
D004830	Epilepsy, Tonic-Clonic	C10
D004831	Epilepsies, Myoclonic	C10
D004832	Epilepsy, Absence	C10
D004916	Erythromelalgia	C14
D004931	Esophageal Achalasia	C06
D004932	Esophageal and Gastric Varices	C06
D004938	Esophageal Neoplasms	C04
D004941	Esophagitis	C06
D004942	Esophagitis, Peptic	C06
D005128	Eye Diseases	C11
D005131	Eye Injuries	C10
D005131	Eye Injuries	C11
D005134	Eye Neoplasms	C04
D005168	Factor VII Deficiency	C15
D005168	Factor VII Deficiency	C16
D005173	Factor XI Deficiency	C15
D005173	Factor XI Deficiency	C16
D005185	Fallopian Tube Neoplasms	C04
D005199	Fanconi Anemia	C15
D005199	Fanconi Anemia	C16
D005199	Fanconi Anemia	C18
D005221	Fatigue	C23
D005235	Fatty Liver, Alcoholic	C06
D005242	Fecal Incontinence	C06
D005261	Female Urogenital Diseases and Pregnancy Complications	OTH
D005315	Fetal Diseases	C16
D005334	Fever	C23
D005348	Fibrocystic Breast Disease	C17
D005354	Fibrosarcoma	C04
D005355	Fibrosis	C23
D005356	Fibromyalgia	C05
D005356	Fibromyalgia	C10
D005401	Fissure in Ano	C06
D005512	Food Hypersensitivity	C20
D005600	Fragile X Syndrome	C10
D005600	Fragile X Syndrome	C16
D005621	Friedreich Ataxia	C10
D005621	Friedreich Ataxia	C16
D005621	Friedreich Ataxia	C18
D005642	Fuchs' Endothelial Dystrophy	C11
D005642	Fuchs' Endothelial Dystrophy	C16
D005693	Galactosemias	C10
D005693	Galactosemias	C16
D005693	Galactosemias	C18
D005756	Gastritis	C06
D005759	Gastroenteritis	C06
D005764	Gastroesophageal Reflux	C06
D005767	Gastrointestinal Diseases	C06
D005769	Gastrointestinal Motility	C06
D005770	Gastrointestinal Neoplasms	C04
D005776	Gaucher Disease	C10
D005776	Gaucher Disease	C16
D005776	Gaucher Disease	C18
D005871	Castleman Disease	C15
D005871	Castleman Disease	C20
D005879	Tourette Syndrome	C10
D005879	Tourette Syndrome	C16
D005879	Tourette Syndrome	F03
D005901	Glaucoma	C11
D005909	Glioblastoma	C04
D005921	Glomerulonephritis	OTH
D005922	Glomerulonephritis, IGA	C20
D005923	Glomerulosclerosis, Focal Segmental	OTH
D005953	Glycogen Storage Disease Type I	C16
D005953	Glycogen Storage Disease Type I	C18
D006008	Glycogen Storage Disease	C16
D006008	Glycogen Storage Disease	C18
D006009	Glycogen Storage Disease Type II	C10
D006009	Glycogen Storage Disease Type II	C16
D006009	Glycogen Storage Disease Type II	C18
D006011	Glycogen Storage Disease Type IV	C16
D006011	Glycogen Storage Disease Type IV	C18
D006042	Goiter	C19
D006069	Gonorrhea	C01
D006073	Gout	C05
D006073	Gout	C16
D006073	Gout	C18
D006084	Graft Rejection	C20
D006086	Graft vs Host Disease	C20
D006105	Granulomatous Disease, Chronic	C15
D006105	Granulomatous Disease, Chronic	C16
D006105	Granulomatous Disease, Chronic	C20
D006177	Gynecomastia	C17
D006192	Haemophilus Infections	C01
D006223	Hamartoma Syndrome, Multiple	C04
D006255	Rhinitis, Allergic, Seasonal	C08
D006255	Rhinitis, Allergic, Seasonal	C20
D006258	Head and Neck Neoplasms	C04
D006261	Headache	C23
D006330	Heart Defects, Congenital	C14
D006330	Heart Defects, Congenital	C16
D006333	Heart Failure	C14
D006429	Hemiplegia	C10
D006429	Hemiplegia	C23
D006432	Hemochromatosis	C16
D006432	Hemochromatosis	C18
D006457	Hemoglobinuria, Paroxysmal	C15
D006461	Hemolysis	C23
D006463	Hemolytic-Uremic Syndrome	C15
D006467	Hemophilia A	C15
D006467	Hemophilia A	C16
D006470	Hemorrhage	C23
D006473	Postpartum Hemorrhage	C23
D006482	Hemorrhagic Fevers, Viral	C01
D006501	Hepatic Encephalopathy	C06
D006501	Hepatic Encephalopathy	C10
D006501	Hepatic Encephalopathy	C18
D006505	Hepatitis	C06
D006506	Hepatitis A	C01
D006506	Hepatitis A	C06
D006509	Hepatitis B	C01
D006509	Hepatitis B	C06
D006519	Hepatitis, Alcoholic	C06
D006525	Hepatitis, Viral, Human	C01
D006525	Hepatitis, Viral, Human	C06
D006526	Hepatitis C	C01
D006526	Hepatitis C	C06
D006527	Hepatolenticular Degeneration	C06
D006527	Hepatolenticular Degeneration	C10
D006527	Hepatolenticular Degeneration	C16
D006527	Hepatolenticular Degeneration	C18
D006530	Hepatorenal Syndrome	C06
D006561	Herpes Simplex	C01
D006561	Herpes Simplex	C17
D006562	Herpes Zoster	C01
D006566	Herpesviridae Infections	C01
D006623	von Hippel-Lindau Disease	C10
D006623	von Hippel-Lindau Disease	C14
D006623	von Hippel-Lindau Disease	C16
D006628	Hirsutism	C17
D006628	Hirsutism	C23
D006646	Histiocytosis, Langerhans-Cell	C08
D006646	Histiocytosis, Langerhans-Cell	C15
D006689	Hodgkin Disease	C04
D006712	Homocystinuria	C10
D006712	Homocystinuria	C16
D006712	Homocystinuria	C17
D006712	Homocystinuria	C18
D006816	Huntington Disease	C10
D006816	Huntington Disease	C16
D006816	Huntington Disease	F03
D006929	Hyperaldosteronism	C19
D006932	Hyperbilirubinemia	C23
D006934	Hypercalcemia	C18
D006937	Hypercholesterolemia	C18
D006938	Hyperlipoproteinemia Type II	C16
D006938	Hyperlipoproteinemia Type II	C18
D006946	Hyperinsulinism	C18
D006949	Hyperlipidemias	C18
D006959	Hyperoxaluria	OTH
D006961	Hyperparathyroidism	C19
D006962	Hyperparathyroidism, Secondary	C19
D006965	Hyperplasia	C23
D006966	Hyperprolactinemia	C10
D006966	Hyperprolactinemia	C19
D006967	Hypersensitivity	C20
D006973	Hypertension	C14
D006975	Hypertension, Portal	C06
D006976	Hypertension, Pulmonary	C08
D006976	Hypertension, Pulmonary	C14
D006980	Hyperthyroidism	C19
D006984	Hypertrophy	C23
D006985	Hyperventilation	C08
D006985	Hyperventilation	C23
D006996	Hypocalcemia	C18
D007003	Hypoglycemia	C18
D007006	Hypogonadism	C19
D007010	Hyponatremia	C18
D007011	Hypoparathyroidism	C19
D007014	Hypophosphatasia	C16
D007014	Hypophosphatasia	C18
D007020	Hypoprothrombinemias	C15
D007020	Hypoprothrombinemias	C16
D007022	Hypotension	C14
D007027	Hypothalamic Diseases	C10
D007035	Hypothermia	C23
D007037	Hypothyroidism	C19
D007057	Ichthyosis	C16
D007057	Ichthyosis	C17
D007153	Immunologic Deficiency Syndromes	C20
D007154	Immune System Diseases	C20
D007169	Impetigo	C01
D007169	Impetigo	C17
D007172	Erectile Dysfunction	F03
D007174	Disruptive, Impulse Control, and Conduct Disorders	F03
D007239	Infections	C01
D007247	Infertility, Female	OTH
D007248	Infertility, Male	OTH
D007249	Inflammation	C23
D007251	Influenza, Human	C01
D007251	Influenza, Human	C08
D007319	Sleep Initiation and Maintenance Disorders	C10
D007319	Sleep Initiation and Maintenance Disorders	F03
D007383	Intermittent Claudication	C14
D007383	Intermittent Claudication	C23
D007403	Intervertebral Disc	C05
D007405	Intervertebral Disc Displacement	C05
D007405	Intervertebral Disc Displacement	C23
D007511	Ischemia	C23
D007562	Creutzfeldt-Jakob Syndrome	C01
D007562	Creutzfeldt-Jakob Syndrome	C10
D007562	Creutzfeldt-Jakob Syndrome	F03
D007565	Jaundice	C23
D007589	Job Syndrome	C15
D007589	Job Syndrome	C16
D007589	Job Syndrome	C20
D007592	Joint Diseases	C05
D007627	Keloid	C17
D007627	Keloid	C23
D007634	Keratitis	C11
D007637	Keratoconjunctivitis	C11
D007640	Keratoconus	C11
D007644	Darier Disease	C16
D007644	Darier Disease	C17
D007647	Kernicterus	C10
D007647	Kernicterus	C15
D007647	Kernicterus	C16
D007647	Kernicterus	C18
D007647	Kernicterus	C20
D007647	Kernicterus	C23
D007674	Kidney Diseases	OTH
D007676	Kidney Failure, Chronic	OTH
D007680	Kidney Neoplasms	C04
D007690	Polycystic Kidney Diseases	C16
D007751	Labor, Induced	OTH
D007752	Obstetric Labor, Premature	OTH
D007759	Labyrinth Diseases	OTH
D007775	Lactation Disorders	C17
D007863	Lecithin Cholesterol Acyltransferase Deficiency	C16
D007863	Lecithin Cholesterol Acyltransferase Deficiency	C18
D007888	Leigh Disease	C10
D007888	Leigh Disease	C16
D007888	Leigh Disease	C18
D007889	Leiomyoma	C04
D007890	Leiomyosarcoma	C04
D007896	Leishmaniasis	C01
D007896	Leishmaniasis	C17
D007918	Leprosy	C01
D007938	Leukemia	C04
D007943	Leukemia, Hairy Cell	C04
D007946	Leukemia, Mast-Cell	C04
D007965	Leukodystrophy, Globoid Cell	C10
D007965	Leukodystrophy, Globoid Cell	C16
D007965	Leukodystrophy, Globoid Cell	C18
D007966	Leukodystrophy, Metachromatic	C10
D007966	Leukodystrophy, Metachromatic	C16
D007966	Leukodystrophy, Metachromatic	C18
D007968	Leukoencephalopathy, Progressive Multifocal	C01
D007968	Leukoencephalopathy, Progressive Multifocal	C10
D007970	Leukopenia	C15
D007971	Leukoplakia	C04
D008052	Lipid Metabolism, Inborn Errors	C16
D008052	Lipid Metabolism, Inborn Errors	C18
D008059	Mucopolysaccharidosis I	C16
D008059	Mucopolysaccharidosis I	C17
D008059	Mucopolysaccharidosis I	C18
D008060	Lipodystrophy	C17
D008060	Lipodystrophy	C18
D008067	Lipoma	C04
D008072	Hyperlipoproteinemia Type I	C16
D008072	Hyperlipoproteinemia Type I	C18
D008080	Liposarcoma	C04
D008103	Liver Cirrhosis	C06
D008103	Liver Cirrhosis	C23
D008105	Liver Cirrhosis, Biliary	C06
D008105	Liver Cirrhosis, Biliary	C23
D008107	Liver Diseases	C06
D008113	Liver Neoplasms	C04
D008133	Long QT Syndrome	C14
D008133	Long QT Syndrome	C16
D008133	Long QT Syndrome	C23
D008175	Lung Neoplasms	C04
D008178	Lupus Erythematosus, Cutaneous	C17
D008180	Lupus Erythematosus, Systemic	C17
D008180	Lupus Erythematosus, Systemic	C20
D008181	Lupus Nephritis	C17
D008181	Lupus Nephritis	C20
D008193	Lyme Disease	C01
D008209	Lymphedema	C15
D008223	Lymphoma	C04
D008224	Lymphoma, Follicular	C04
D008228	Lymphoma, Non-Hodgkin	C04
D008231	Lymphopenia	C15
D008231	Lymphopenia	C20
D008232	Lymphoproliferative Disorders	C15
D008232	Lymphoproliferative Disorders	C20
D008258	Waldenstrom Macroglobulinemia	C04
D008268	Macular Degeneration	C11
D008269	Macular Edema	C11
D008286	Malabsorption Syndromes	C06
D008286	Malabsorption Syndromes	C18
D008288	Malaria	C01
D008303	Malignant Carcinoid Syndrome	C04
D008305	Malignant Hyperthermia	C23
D008363	alpha-Mannosidosis	C16
D008363	alpha-Mannosidosis	C18
D008375	Maple Syrup Urine Disease	C10
D008375	Maple Syrup Urine Disease	C16
D008375	Maple Syrup Urine Disease	C18
D008379	Marburg Virus Disease	C01
D008382	Marfan Syndrome	C05
D008382	Marfan Syndrome	C14
D008382	Marfan Syndrome	C16
D008382	Marfan Syndrome	C17
D008415	Mastocytosis	C04
D008471	Meconium Aspiration Syndrome	C08
D008471	Meconium Aspiration Syndrome	C16
D008527	Medulloblastoma	C04
D008545	Melanoma	C04
D008548	Melanosis	C17
D008575	Meniere Disease	OTH
D008579	Meningioma	C04
D008581	Meningitis	C10
D008593	Menopause	OTH
D008595	Menorrhagia	C23
D008599	Menstruation Disturbances	C23
D008654	Mesothelioma	C04
D008659	Metabolic Diseases	C18
D008661	Metabolism, Inborn Errors	C16
D008661	Metabolism, Inborn Errors	C18
D008881	Migraine Disorders	C10
D009062	Mouth Neoplasms	C04
D009080	Mucocutaneous Lymph Node Syndrome	C14
D009080	Mucocutaneous Lymph Node Syndrome	C15
D009080	Mucocutaneous Lymph Node Syndrome	C17
D009083	Mucopolysaccharidoses	C16
D009083	Mucopolysaccharidoses	C17
D009083	Mucopolysaccharidoses	C18
D009084	Mucopolysaccharidosis III	C16
D009084	Mucopolysaccharidosis III	C17
D009084	Mucopolysaccharidosis III	C18
D009085	Mucopolysaccharidosis IV	C16
D009085	Mucopolysaccharidosis IV	C17
D009085	Mucopolysaccharidosis IV	C18
D009087	Mucopolysaccharidosis VI	C16
D009087	Mucopolysaccharidosis VI	C17
D009087	Mucopolysaccharidosis VI	C18
D009101	Multiple Myeloma	C04
D009103	Multiple Sclerosis	C10
D009103	Multiple Sclerosis	C20
D009128	Muscle Spasticity	C05
D009128	Muscle Spasticity	C10
D009128	Muscle Spasticity	C23
D009133	Muscular Atrophy	C10
D009133	Muscular Atrophy	C23
D009134	Muscular Atrophy, Spinal	C10
D009136	Muscular Dystrophies	C05
D009136	Muscular Dystrophies	C10
D009136	Muscular Dystrophies	C16
D009140	Musculoskeletal Diseases	C05
D009157	Myasthenia Gravis	C04
D009165	Mycobacterium Infections, Nontuberculous	C01
D009181	Mycoses	C01
D009188	Myelitis, Transverse	C04
D009190	Myelodysplastic Syndromes	C15
D009196	Myeloproliferative Disorders	C15
D009202	Cardiomyopathies	C14
D009203	Myocardial Infarction	C14
D009203	Myocardial Infarction	C23
D009205	Myocarditis	C14
D009216	Myopia	C11
D009220	Myositis	C05
D009220	Myositis	C10
D009221	Myositis Ossificans	C05
D009222	Myotonia	C10
D009222	Myotonia	C23
D009223	Myotonic Dystrophy	C05
D009223	Myotonic Dystrophy	C10
D009223	Myotonic Dystrophy	C16
D009290	Narcolepsy	C10
D009290	Narcolepsy	F03
D009293	Opioid-Related Disorders	F03
D009298	Nasal Polyps	C08
D009298	Nasal Polyps	C23
D009303	Nasopharyngeal Neoplasms	C04
D009325	Nausea	C23
D009335	Necrobiosis Lipoidica	C17
D009335	Necrobiosis Lipoidica	C18
D009357	Neonatal Abstinence Syndrome	C16
D009357	Neonatal Abstinence Syndrome	F03
D009369	Neoplasms	C04
D009372	Neoplasms, Connective Tissue	C04
D009393	Nephritis	OTH
D009394	Nephritis, Hereditary	C16
D009394	Nephritis, Hereditary	C17
D009396	Wilms Tumor	C04
D009400	Nephrosclerosis	OTH
D009404	Nephrotic Syndrome	OTH
D009421	Nervous System Malformations	C10
D009421	Nervous System Malformations	C16
D009422	Nervous System Diseases	C10
D009437	Neuralgia	C10
D009437	Neuralgia	C23
D009442	Neurilemmoma	C04
D009447	Neuroblastoma	C04
D009456	Neurofibromatosis 1	C04
D009471	Neuromyelitis Optica	C10
D009471	Neuromyelitis Optica	C11
D009471	Neuromyelitis Optica	C20
D009472	Neuronal Ceroid-Lipofuscinoses	C10
D009472	Neuronal Ceroid-Lipofuscinoses	C16
D009472	Neuronal Ceroid-Lipofuscinoses	C18
D009497	Neurotic Disorders	F03
D009503	Neutropenia	C15
D009506	Nevus	C04
D009542	Niemann-Pick Diseases	C10
D009542	Niemann-Pick Diseases	C15
D009542	Niemann-Pick Diseases	C16
D009542	Niemann-Pick Diseases	C18
D009634	Noonan Syndrome	C05
D009634	Noonan Syndrome	C14
D009634	Noonan Syndrome	C16
D009634	Noonan Syndrome	C17
D009765	Obesity	C18
D009765	Obesity	C23
D009771	Obsessive-Compulsive Disorder	F03
D009902	Optic Neuritis	C10
D009902	Optic Neuritis	C11
D009999	Ossification, Heterotopic	C23
D010001	Osteitis Deformans	C05
D010003	Osteoarthritis	C05
D010012	Osteogenesis	C05
D010013	Osteogenesis Imperfecta	C05
D010013	Osteogenesis Imperfecta	C16
D010013	Osteogenesis Imperfecta	C17
D010018	Osteomalacia	C05
D010018	Osteomalacia	C18
D010022	Osteopetrosis	C05
D010024	Osteoporosis	C05
D010024	Osteoporosis	C18
D010026	Osteosclerosis	C05
D010033	Otitis Media	OTH
D010051	Ovarian Neoplasms	C04
D010144	Paget's Disease, Mammary	C04
D010145	Paget Disease, Extramammary	C04
D010149	Pain, Postoperative	C23
D010182	Pancreatic Diseases	C06
D010188	Exocrine Pancreatic Insufficiency	C06
D010190	Pancreatic Neoplasms	C04
D010195	Pancreatitis	C06
D010243	Paralysis	C10
D010243	Paralysis	C23
D010262	Paraphilic Disorders	F03
D010300	Parkinson Disease	C10
D010391	Pemphigoid, Bullous	C17
D010391	Pemphigoid, Bullous	C20
D010392	Pemphigus	C17
D010392	Pemphigus	C20
D010411	Penile Induration	C17
D010412	Penile Neoplasms	C04
D010437	Peptic Ulcer	C06
D010493	Pericarditis	C14
D010505	Familial Mediterranean Fever	C16
D010518	Periodontitis	OTH
D010523	Peripheral Nervous System Diseases	C10
D010534	Peritoneal Neoplasms	C04
D010661	Phenylketonurias	C10
D010661	Phenylketonurias	C16
D010661	Phenylketonurias	C18
D010698	Phobic Disorders	F03
D010787	Photosensitivity Disorders	C17
D010850	Picornaviridae Infections	C01
D010911	Pituitary Neoplasms	C04
D010916	Pityriasis Rubra Pilaris	C17
D010927	Placental Insufficiency	OTH
D010930	Plague	C01
D010939	Plant Poisoning	OTH
D011008	Pneumococcal Infections	C01
D011014	Pneumonia	C01
D011014	Pneumonia	C08
D011041	Poisoning	OTH
D011085	Polycystic Ovary Syndrome	C04
D011087	Polycythemia Vera	C04
D011111	Polymyalgia Rheumatica	C05
D011111	Polymyalgia Rheumatica	C17
D011115	Polyneuropathies	C10
D011141	Polyuria	C23
D011164	Porphyrias	C18
D011183	Postoperative Complications	C23
D011218	Prader-Willi Syndrome	C10
D011218	Prader-Willi Syndrome	C16
D011218	Prader-Willi Syndrome	C18
D011225	Pre-Eclampsia	OTH
D011271	Pregnancy, Ectopic	OTH
D011293	Premenstrual Syndrome	C23
D011305	Presbyopia	C11
D011349	Proctitis	C06
D011371	Progeria	C16
D011371	Progeria	C18
D011470	Prostatic Hyperplasia	OTH
D011471	Prostatic Neoplasms	C04
D011472	Prostatitis	OTH
D011507	Proteinuria	C23
D011536	Prurigo	C17
D011537	Pruritus	C17
D011537	Pruritus	C23
D011546	Pseudohypoaldosteronism	C16
D011552	Pseudomonas Infections	C01
D011565	Psoriasis	C17
D011595	Psychomotor Agitation	C10
D011595	Psychomotor Agitation	C23
D011618	Psychotic Disorders	F03
D011625	Pterygium	C11
D011628	Puberty, Delayed	C19
D011629	Puberty, Precocious	C19
D011649	Pulmonary Alveolar Proteinosis	C08
D011654	Pulmonary Edema	C08
D011655	Pulmonary Embolism	C08
D011655	Pulmonary Embolism	C14
D011697	Purpura, Thrombotic Thrombocytopenic	C15
D011697	Purpura, Thrombotic Thrombocytopenic	C23
D011818	Rabies	C01
D011832	Radiation Injuries	OTH
D011928	Raynaud Disease	C14
D012003	Rectal Fistula	C06
D012003	Rectal Fistula	C23
D012010	Red-Cell Aplasia, Pure	C15
D012038	Regeneration	OTH
D012080	Chronic Kidney Disease-Mineral and Bone Disorder	C05
D012080	Chronic Kidney Disease-Mineral and Bone Disorder	C18
D012080	Chronic Kidney Disease-Mineral and Bone Disorder	C19
D012120	Respiration Disorders	C08
D012127	Respiratory Distress Syndrome, Newborn	C08
D012127	Respiratory Distress Syndrome, Newborn	C16
D012128	Respiratory Distress Syndrome	C08
D012131	Respiratory Insufficiency	C08
D012141	Respiratory Tract Infections	C01
D012141	Respiratory Tract Infections	C08
D012148	Restless Legs Syndrome	C10
D012148	Restless Legs Syndrome	F03
D012163	Retinal Detachment	C11
D012164	Retinal Diseases	C11
D012170	Retinal Vein Occlusion	C11
D012170	Retinal Vein Occlusion	C14
D012173	Retinitis	C11
D012174	Retinitis Pigmentosa	C11
D012174	Retinitis Pigmentosa	C16
D012178	Retinopathy of Prematurity	C11
D012178	Retinopathy of Prematurity	C16
D012208	Rhabdomyosarcoma	C04
D012220	Rhinitis	C01
D012220	Rhinitis	C08
D012221	Rhinitis, Allergic, Perennial	C08
D012221	Rhinitis, Allergic, Perennial	C20
D012279	Rickets	C05
D012279	Rickets	C18
D012393	Rosacea	C17
D012398	Ross River virus	C01
D012400	Rotavirus Infections	C01
D012497	Sandhoff Disease	C10
D012497	Sandhoff Disease	C16
D012497	Sandhoff Disease	C18
D012507	Sarcoidosis	C15
D012509	Sarcoma	C04
D012512	Sarcoma, Ewing	C04
D012514	Sarcoma, Kaposi	C04
D012516	Osteosarcoma	C04
D012552	Schistosomiasis	C01
D012559	Schizophrenia	F03
D012595	Scleroderma, Systemic	C17
D012628	Dermatitis, Seborrheic	C17
D012735	Sexual Dysfunction, Physiological	OTH
D012774	Shock, Traumatic	C23
D012778	Short Bowel Syndrome	C06
D012778	Short Bowel Syndrome	C23
D012798	Sialorrhea	OTH
D012852	Sinusitis	C01
D012852	Sinusitis	C08
D012859	Sjogren's Syndrome	C05
D012859	Sjogren's Syndrome	C11
D012859	Sjogren's Syndrome	C17
D012859	Sjogren's Syndrome	C20
D012871	Skin Diseases	C17
D012872	Skin Diseases, Vesiculobullous	C17
D012874	Skin Diseases, Infectious	C01
D012874	Skin Diseases, Infectious	C17
D012878	Skin Neoplasms	C04
D012893	Sleep Wake Disorders	C10
D012893	Sleep Wake Disorders	C23
D012893	Sleep Wake Disorders	F03
D012899	Smallpox	C01
D013035	Spasm	C10
D013035	Spasm	C23
D013036	Spasms, Infantile	C10
D013106	Sphingolipidoses	C10
D013106	Sphingolipidoses	C16
D013106	Sphingolipidoses	C18
D013119	Spinal Cord Injuries	C10
D013123	Spinal Fusion	OTH
D013130	Spinal Stenosis	C05
D013167	Spondylitis, Ankylosing	C05
D013203	Staphylococcal Infections	C01
D013226	Status Epilepticus	C10
D013226	Status Epilepticus	C23
D013274	Stomach Neoplasms	C04
D013276	Stomach Ulcer	C06
D013280	Stomatitis	OTH
D013281	Stomatitis, Aphthous	OTH
D013290	Streptococcal Infections	C01
D013313	Stress Disorders, Post-Traumatic	F03
D013345	Subarachnoid Hemorrhage	C10
D013345	Subarachnoid Hemorrhage	C14
D013345	Subarachnoid Hemorrhage	C23
D013494	Supranuclear Palsy, Progressive	C10
D013494	Supranuclear Palsy, Progressive	C11
D013494	Supranuclear Palsy, Progressive	C23
D013514	Surgical Procedures, Operative	OTH
D013584	Sarcoma, Synovial	C04
D013586	Synovitis, Pigmented Villonodular	C04
D013610	Tachycardia	C14
D013610	Tachycardia	C23
D013617	Tachycardia, Supraventricular	C14
D013617	Tachycardia, Supraventricular	C23
D013625	Takayasu Arteritis	C14
D013625	Takayasu Arteritis	C17
D013661	Tay-Sachs Disease	C10
D013661	Tay-Sachs Disease	C16
D013661	Tay-Sachs Disease	C18
D013683	Telangiectasia, Hereditary Hemorrhagic	C14
D013683	Telangiectasia, Hereditary Hemorrhagic	C15
D013683	Telangiectasia, Hereditary Hemorrhagic	C16
D013708	Tendon Injuries	OTH
D013716	Tennis Elbow	C05
D013724	Teratoma	C04
D013736	Testicular Neoplasms	C04
D013771	Tetralogy of Fallot	C14
D013771	Tetralogy of Fallot	C16
D013789	Thalassemia	C15
D013789	Thalassemia	C16
D013915	Thrombasthenia	C15
D013915	Thrombasthenia	C16
D013919	Thromboangiitis Obliterans	C14
D013921	Thrombocytopenia	C15
D013922	Thrombocytosis	C15
D013924	Thrombophlebitis	C14
D013927	Thrombosis	C14
D013945	Thymoma	C04
D013953	Thymus Neoplasms	C04
D013964	Thyroid Neoplasms	C04
D014012	Tinnitus	C10
D014012	Tinnitus	C23
D014029	Tobacco Use Disorder	F03
D014103	Torticollis	C23
D014123	Toxoplasmosis	C01
D014245	Trichomonas Infections	C01
D014256	Trichotillomania	F03
D014277	Trigeminal Neuralgia	C10
D014314	Trisomy	C23
D014328	Trophoblastic Neoplasms	C04
D014355	Chagas Disease	C01
D014376	Tuberculosis	C01
D014402	Tuberous Sclerosis	C04
D014406	Tularemia	C01
D014424	Turner Syndrome	C14
D014424	Turner Syndrome	C16
D014424	Turner Syndrome	C19
D014456	Ulcer	C23
D014523	Urethral Neoplasms	C04
D014526	Urethritis	OTH
D014545	Urinary Calculi	C23
D014549	Urinary Incontinence	C23
D014552	Urinary Tract Infections	C01
D014555	Urination Disorders	OTH
D014565	Urogenital Neoplasms	C04
D014581	Urticaria	C17
D014581	Urticaria	C20
D014605	Uveitis	C11
D014625	Vaginal Neoplasms	C04
D014627	Vaginitis	OTH
D014647	Varicose Ulcer	C14
D014647	Varicose Ulcer	C17
D014652	Vascular Diseases	C14
D014657	Vasculitis	C14
D014689	Venous Insufficiency	C14
D014693	Ventricular Fibrillation	C14
D014693	Ventricular Fibrillation	C23
D014717	Vertigo	C10
D014717	Vertigo	C23
D014777	Virus Diseases	C01
D014808	Vitamin D Deficiency	C18
D014820	Vitiligo	C17
D014839	Vomiting	C23
D014842	von Willebrand Diseases	C15
D014842	von Willebrand Diseases	C16
D014890	Granulomatosis with Polyangiitis	C08
D014890	Granulomatosis with Polyangiitis	C14
D014890	Granulomatosis with Polyangiitis	C20
D014898	Werner Syndrome	C16
D014898	Werner Syndrome	C18
D014901	West Nile Fever	C01
D014901	West Nile Fever	C10
D014923	Wiskott-Aldrich Syndrome	C15
D014923	Wiskott-Aldrich Syndrome	C16
D014923	Wiskott-Aldrich Syndrome	C20
D014929	Wolfram Syndrome	C10
D014929	Wolfram Syndrome	C11
D014929	Wolfram Syndrome	C16
D014929	Wolfram Syndrome	C18
D014929	Wolfram Syndrome	C19
D014945	Wound Healing	OTH
D014947	Wounds and Injuries	OTH
D014983	Xeroderma Pigmentosum	C04
D014987	Xerostomia	OTH
D015004	Yellow Fever	C01
D015043	Zollinger-Ellison Syndrome	C04
D015140	Dementia, Vascular	C10
D015140	Dementia, Vascular	C14
D015140	Dementia, Vascular	F03
D015179	Colorectal Neoplasms	C04
D015209	Cholangitis, Sclerosing	C06
D015210	Arthritis, Gouty	C05
D015210	Arthritis, Gouty	C16
D015210	Arthritis, Gouty	C18
D015211	Zellweger Syndrome	C06
D015211	Zellweger Syndrome	C10
D015211	Zellweger Syndrome	C16
D015211	Zellweger Syndrome	C18
D015212	Inflammatory Bowel Diseases	C06
D015223	Wolman Disease	C16
D015223	Wolman Disease	C18
D015228	Hypertriglyceridemia	C18
D015266	Carcinoma, Merkel Cell	C04
D015267	Churg-Strauss Syndrome	C14
D015267	Churg-Strauss Syndrome	C15
D015267	Churg-Strauss Syndrome	C20
D015270	Mycobacterium avium-intracellulare Infection	C01
D015275	Tumor Lysis Syndrome	C15
D015275	Tumor Lysis Syndrome	C20
D015325	Pyruvate Dehydrogenase Complex Deficiency Disease	C10
D015325	Pyruvate Dehydrogenase Complex Deficiency Disease	C16
D015325	Pyruvate Dehydrogenase Complex Deficiency Disease	C18
D015352	Dry Eye Syndromes	C11
D015356	Retinal Artery Occlusion	C11
D015356	Retinal Artery Occlusion	C14
D015419	Spastic Paraplegia, Hereditary	C10
D015419	Spastic Paraplegia, Hereditary	C16
D015423	Scleritis	C11
D015427	Reperfusion Injury	C14
D015427	Reperfusion Injury	C23
D015430	Weight Gain	C23
D015432	Glomerulonephritis, Membranoproliferative	C20
D015433	Glomerulonephritis, Membranous	C20
D015451	Leukemia, Lymphocytic, Chronic, B-Cell	C04
D015461	Leukemia, Prolymphocytic, T-Cell	C04
D015464	Leukemia, Myelogenous, Chronic, BCR-ABL Positive	C04
D015470	Leukemia, Myeloid, Acute	C04
D015477	Leukemia, Myelomonocytic, Chronic	C04
D015490	HTLV-I Infections	C01
D015490	HTLV-I Infections	C20
D015518	Rett Syndrome	C10
D015518	Rett Syndrome	C16
D015526	AIDS Dementia Complex	C01
D015526	AIDS Dementia Complex	C10
D015526	AIDS Dementia Complex	C20
D015526	AIDS Dementia Complex	F03
D015535	Arthritis, Psoriatic	C05
D015535	Arthritis, Psoriatic	C17
D015595	Skin Aging	C17
D015658	HIV Infections	C01
D015658	HIV Infections	C20
D015673	Fatigue Syndrome, Chronic	C01
D015673	Fatigue Syndrome, Chronic	C05
D015673	Fatigue Syndrome, Chronic	C10
D015715	Corneal Edema	C11
D015783	Aniridia	C11
D015783	Aniridia	C16
D015794	Choroideremia	C11
D015794	Choroideremia	C16
D015817	Eye Infections	C01
D015817	Eye Infections	C11
D015831	Osteochondroma	C04
D015837	Vestibular Diseases	OTH
D015862	Choroid Diseases	C11
D016055	Urinary Retention	OTH
D016066	Pleural Effusion, Malignant	C04
D016262	Postpoliomyelitis Syndrome	C01
D016262	Postpoliomyelitis Syndrome	C05
D016262	Postpoliomyelitis Syndrome	C10
D016393	Lymphoma, B-Cell	C04
D016399	Lymphoma, T-Cell	C04
D016403	Lymphoma, Large B-Cell, Diffuse	C04
D016410	Lymphoma, T-Cell, Cutaneous	C04
D016411	Lymphoma, T-Cell, Peripheral	C04
D016464	Lysosomal Storage Diseases	C16
D016464	Lysosomal Storage Diseases	C18
D016472	Motor Neuron Disease	C10
D016481	Helicobacter Infections	C01
D016491	Peripheral Vascular Diseases	C14
D016511	Severe Combined Immunodeficiency	C16
D016511	Severe Combined Immunodeficiency	C18
D016511	Severe Combined Immunodeficiency	C20
D016518	Neurofibromatosis 2	C04
D016532	Mucopolysaccharidosis II	C10
D016532	Mucopolysaccharidosis II	C16
D016532	Mucopolysaccharidosis II	C17
D016532	Mucopolysaccharidosis II	C18
D016537	Gangliosidosis, GM1	C10
D016537	Gangliosidosis, GM1	C16
D016537	Gangliosidosis, GM1	C18
D016538	Mucopolysaccharidosis VII	C16
D016538	Mucopolysaccharidosis VII	C17
D016538	Mucopolysaccharidosis VII	C18
D016543	Central Nervous System Neoplasms	C04
D016553	Purpura, Thrombocytopenic, Idiopathic	C15
D016553	Purpura, Thrombocytopenic, Idiopathic	C20
D016553	Purpura, Thrombocytopenic, Idiopathic	C23
D016557	Guided Tissue Regeneration, Periodontal	OTH
D016584	Panic Disorder	F03
D016657	Cerebral Amyloid Angiopathy	C10
D016657	Cerebral Amyloid Angiopathy	C14
D016657	Cerebral Amyloid Angiopathy	C18
D016706	Still's Disease, Adult-Onset	C05
D016706	Still's Disease, Adult-Onset	C17
D016706	Still's Disease, Adult-Onset	C20
D016736	Antiphospholipid Syndrome	C20
D016738	Alagille Syndrome	C06
D016738	Alagille Syndrome	C14
D016738	Alagille Syndrome	C16
D016739	Behavior, Addictive	F03
D016751	Hepatitis E	C01
D016751	Hepatitis E	C06
D016849	Keratitis, Herpetic	C01
D016849	Keratitis, Herpetic	C11
D016878	POEMS Syndrome	C10
D016878	POEMS Syndrome	C15
D016878	POEMS Syndrome	C16
D016878	POEMS Syndrome	C20
D016889	Endometrial Neoplasms	C04
D016908	Gram-Positive Bacterial Infections	C01
D017099	IgG Deficiency	C15
D017099	IgG Deficiency	C20
D017180	Tachycardia, Ventricular	C14
D017180	Tachycardia, Ventricular	C23
D017204	Angelman Syndrome	C10
D017204	Angelman Syndrome	C16
D017240	Mitochondrial Myopathies	C05
D017240	Mitochondrial Myopathies	C10
D017240	Mitochondrial Myopathies	C18
D017241	MELAS Syndrome	C05
D017241	MELAS Syndrome	C10
D017241	MELAS Syndrome	C14
D017241	MELAS Syndrome	C16
D017241	MELAS Syndrome	C18
D017250	Caliciviridae Infections	C01
D017253	Neurofibromatoses	C04
D017285	Polymyositis	C05
D017285	Polymyositis	C10
D017492	Keratosis, Seborrheic	C17
D017497	Hidradenitis Suppurativa	C01
D017497	Hidradenitis Suppurativa	C17
D017511	Pyoderma Gangrenosum	C17
D017563	Lung Diseases, Interstitial	C08
D017590	Myelinolysis, Central Pontine	C10
D017590	Myelinolysis, Central Pontine	C18
D017674	Hypophosphatemia	C18
D017676	Lichen Planus, Oral	C17
D017681	Hypereosinophilic Syndrome	C15
D017719	Diabetic Foot	C14
D017719	Diabetic Foot	C17
D017719	Diabetic Foot	C19
D017728	Lymphoma, Large-Cell, Anaplastic	C04
D018058	Tympanic Membrane Perforation	OTH
D018149	Glucose Intolerance	C18
D018192	Lymphangioleiomyomatosis	C04
D018222	Fibromatosis, Aggressive	C04
D018242	Neuroectodermal Tumors, Primitive	C04
D018278	Carcinoma, Neuroendocrine	C04
D018295	Neoplasms, Basal Cell	C04
D018307	Neoplasms, Squamous Cell	C04
D018316	Gliosarcoma	C04
D018325	Hemangioblastoma	C04
D018352	Coronavirus Infections	C01
D018357	Respiratory Syncytial Virus Infections	C01
D018358	Neuroendocrine Tumors	C04
D018442	Lymphoma, B-Cell, Marginal Zone	C04
D018459	Lichen Sclerosus et Atrophicus	C17
D018589	Gastroparesis	C06
D018589	Gastroparesis	C23
D018746	Systemic Inflammatory Response Syndrome	C23
D018778	Hantavirus Infections	C01
D018798	Anemia, Iron-Deficiency	C15
D018798	Anemia, Iron-Deficiency	C18
D018805	Sepsis	C01
D018805	Sepsis	C23
D018883	Heat Stroke	OTH
D018917	Optic Neuropathy, Ischemic	C10
D018917	Optic Neuropathy, Ischemic	C11
D018917	Optic Neuropathy, Ischemic	C14
D018979	Myositis, Inclusion Body	C05
D018979	Myositis, Inclusion Body	C10
D018981	Congenital Disorders of Glycosylation	C16
D018981	Congenital Disorders of Glycosylation	C18
D019121	Burkholderia Infections	C01
D019142	Hemorrhagic Fever, Ebola	C01
D019190	Iron Overload	C18
D019247	HIV Wasting Syndrome	C01
D019247	HIV Wasting Syndrome	C18
D019247	HIV Wasting Syndrome	C20
D019337	Hematologic Neoplasms	C04
D019449	Pouchitis	C06
D019559	Capillary Leak Syndrome	C14
D019578	Multiple System Atrophy	C10
D019636	Neurodegenerative Diseases	C10
D019650	Hematopoietic Stem Cell Mobilization	OTH
D019867	Anti-Glomerular Basement Membrane Disease	C08
D019867	Anti-Glomerular Basement Membrane Disease	C20
D019873	Schnitzler Syndrome	C20
D019896	alpha 1-Antitrypsin Deficiency	C06
D019896	alpha 1-Antitrypsin Deficiency	C08
D019896	alpha 1-Antitrypsin Deficiency	C16
D019896	alpha 1-Antitrypsin Deficiency	C23
D019955	Conduct Disorder	F03
D019966	Substance-Related Disorders	F03
D019969	Amphetamine-Related Disorders	F03
D019970	Cocaine-Related Disorders	F03
D019973	Alcohol-Related Disorders	F03
D020018	Sexual Dysfunctions, Psychological	F03
D020031	Epstein-Barr Virus Infections	C01
D020147	Coagulation Protein Disorders	C15
D020152	Antithrombin III Deficiency	C15
D020152	Antithrombin III Deficiency	C16
D020158	Hyperglycinemia, Nonketotic	C10
D020158	Hyperglycinemia, Nonketotic	C16
D020158	Hyperglycinemia, Nonketotic	C18
D020159	Citrullinemia	C10
D020159	Citrullinemia	C16
D020159	Citrullinemia	C18
D020162	Hyperargininemia	C10
D020162	Hyperargininemia	C16
D020162	Hyperargininemia	C18
D020163	Ornithine Carbamoyltransferase Deficiency Disease	C10
D020163	Ornithine Carbamoyltransferase Deficiency Disease	C16
D020163	Ornithine Carbamoyltransferase Deficiency Disease	C18
D020165	Carbamoyl-Phosphate Synthase I Deficiency Disease	C10
D020165	Carbamoyl-Phosphate Synthase I Deficiency Disease	C16
D020165	Carbamoyl-Phosphate Synthase I Deficiency Disease	C18
D020176	Tyrosinemias	C10
D020176	Tyrosinemias	C16
D020176	Tyrosinemias	C18
D020177	Idiopathic Hypersomnia	C10
D020177	Idiopathic Hypersomnia	F03
D020178	Sleep Disorders, Circadian Rhythm	C10
D020178	Sleep Disorders, Circadian Rhythm	F03
D020192	Lafora Disease	C10
D020192	Lafora Disease	C16
D020194	Unverricht-Lundborg Syndrome	C10
D020194	Unverricht-Lundborg Syndrome	C16
D020196	Trauma, Nervous System	C10
D020246	Venous Thrombosis	C14
D020249	Hormone Replacement Therapy	OTH
D020250	Postoperative Nausea and Vomiting	C23
D020275	Guillain-Barre Syndrome	C10
D020275	Guillain-Barre Syndrome	C20
D020277	Polyradiculoneuropathy, Chronic Inflammatory Demyelinating	C10
D020277	Polyradiculoneuropathy, Chronic Inflammatory Demyelinating	C20
D020278	Demyelinating Autoimmune Diseases, CNS	C10
D020278	Demyelinating Autoimmune Diseases, CNS	C20
D020294	Myasthenic Syndromes, Congenital	C10
D020294	Myasthenic Syndromes, Congenital	C16
D020301	Vasospasm, Intracranial	C10
D020301	Vasospasm, Intracranial	C14
D020329	Essential Tremor	C10
D020345	Enterocolitis, Necrotizing	C06
D020388	Muscular Dystrophy, Duchenne	C05
D020388	Muscular Dystrophy, Duchenne	C10
D020388	Muscular Dystrophy, Duchenne	C16
D020391	Muscular Dystrophy, Facioscapulohumeral	C05
D020391	Muscular Dystrophy, Facioscapulohumeral	C10
D020391	Muscular Dystrophy, Facioscapulohumeral	C16
D020521	Stroke	C10
D020521	Stroke	C14
D020522	Lymphoma, Mantle-Cell	C04
D020528	Multiple Sclerosis, Chronic Progressive	C10
D020528	Multiple Sclerosis, Chronic Progressive	C20
D020529	Multiple Sclerosis, Relapsing-Remitting	C10
D020529	Multiple Sclerosis, Relapsing-Remitting	C20
D020739	Brain Diseases, Metabolic, Inborn	C10
D020739	Brain Diseases, Metabolic, Inborn	C16
D020739	Brain Diseases, Metabolic, Inborn	C18
D020754	Spinocerebellar Ataxias	C10
D020754	Spinocerebellar Ataxias	C16
D020767	Intracranial Thrombosis	C10
D020767	Intracranial Thrombosis	C14
D020786	Hemangioma, Cavernous, Central Nervous System	C04
D020788	Bardet-Biedl Syndrome	C10
D020788	Bardet-Biedl Syndrome	C11
D020788	Bardet-Biedl Syndrome	C16
D020820	Dyskinesias	C10
D020820	Dyskinesias	C23
D020914	Myopathies, Structural, Congenital	C05
D020914	Myopathies, Structural, Congenital	C10
D020918	Complex Regional Pain Syndromes	C10
D020920	Dyssomnias	C10
D020920	Dyssomnias	F03
D020961	Lewy Body Disease	C10
D020961	Lewy Body Disease	F03
D022124	Hyperammonemia	C23
D022861	Hermanski-Pudlak Syndrome	C11
D022861	Hermanski-Pudlak Syndrome	C15
D022861	Hermanski-Pudlak Syndrome	C16
D022861	Hermanski-Pudlak Syndrome	C17
D022861	Hermanski-Pudlak Syndrome	C18
D023903	Coronary Restenosis	C14
D024821	Metabolic Syndrome	C18
D027601	Polyomavirus Infections	C01
D028226	Amyloidosis, Familial	C16
D028226	Amyloidosis, Familial	C18
D028227	Amyloid Neuropathies, Familial	C10
D028227	Amyloid Neuropathies, Familial	C16
D028227	Amyloid Neuropathies, Familial	C18
D028361	Mitochondrial Diseases	C18
D029241	Optic Atrophy, Autosomal Dominant	C10
D029241	Optic Atrophy, Autosomal Dominant	C11
D029241	Optic Atrophy, Autosomal Dominant	C16
D029241	Optic Atrophy, Autosomal Dominant	C18
D029242	Optic Atrophy, Hereditary, Leber	C10
D029242	Optic Atrophy, Hereditary, Leber	C11
D029242	Optic Atrophy, Hereditary, Leber	C16
D029242	Optic Atrophy, Hereditary, Leber	C18
D029424	Pulmonary Disease, Chronic Obstructive	C08
D029481	Bronchitis, Chronic	C01
D029481	Bronchitis, Chronic	C08
D030361	Papillomavirus Infections	C01
D031249	Erdheim-Chester Disease	C15
D033581	Stem Cell Transplantation	OTH
D034381	Hearing Loss	C10
D034381	Hearing Loss	C23
D038261	Alexander Disease	C10
D038261	Alexander Disease	C16
D038261	Alexander Disease	C18
D039141	Muscular Dystrophy, Oculopharyngeal	C05
D039141	Muscular Dystrophy, Oculopharyngeal	C10
D039141	Muscular Dystrophy, Oculopharyngeal	C16
D041441	Retinoschisis	C11
D042882	Gallstones	C06
D042882	Gallstones	C23
D043183	Irritable Bowel Syndrome	C06
D044148	Lymphatic Abnormalities	C15
D044148	Lymphatic Abnormalities	C16
D044903	Congenital Hyperinsulinism	C06
D044903	Congenital Hyperinsulinism	C16
D044903	Congenital Hyperinsulinism	C18
D044968	Regenerative Medicine	OTH
D045169	Severe Acute Respiratory Syndrome	C01
D045169	Severe Acute Respiratory Syndrome	C08
D045464	Henipavirus Infections	C01
D045602	Steatorrhea	C06
D045602	Steatorrhea	C18
D045743	Scleroderma, Diffuse	C17
D045745	Scleroderma, Limited	C17
D045823	Ileus	C06
D046152	Gastrointestinal Stromal Tumors	C04
D046351	Protoporphyria, Erythropoietic	C06
D046351	Protoporphyria, Erythropoietic	C16
D046351	Protoporphyria, Erythropoietic	C17
D046351	Protoporphyria, Erythropoietic	C18
D046589	CADASIL	C10
D046589	CADASIL	C14
D046589	CADASIL	C16
D046589	CADASIL	C23
D047748	Pituitary ACTH Hypersecretion	C10
D047748	Pituitary ACTH Hypersecretion	C19
D048550	Hepatic Insufficiency	C06
D048909	Diabetes Complications	C19
D049288	Muscular Dystrophies, Limb-Girdle	C05
D049288	Muscular Dystrophies, Limb-Girdle	C10
D049288	Muscular Dystrophies, Limb-Girdle	C16
D049950	Hyperparathyroidism, Primary	C19
D049970	Graves Ophthalmopathy	C11
D049970	Graves Ophthalmopathy	C16
D049970	Graves Ophthalmopathy	C19
D049970	Graves Ophthalmopathy	C20
D050031	Hashimoto Disease	C19
D050151	Subcutaneous Fat	OTH
D050171	Dyslipidemias	C18
D050197	Atherosclerosis	C14
D050723	Fractures, Bone	OTH
D050724	Fractures, Cartilage	OTH
D051359	Lymphohistiocytosis, Hemophagocytic	C15
D051437	Renal Insufficiency	OTH
D051474	Neuralgia, Postherpetic	C10
D051474	Neuralgia, Postherpetic	C23
D051799	Delayed Graft Function	C23
D052016	Mucositis	C06
D052018	Bulimia Nervosa	F03
D052120	Glycogen Storage Disease Type IIb	C10
D052120	Glycogen Storage Disease Type IIb	C14
D052120	Glycogen Storage Disease Type IIb	C16
D052120	Glycogen Storage Disease Type IIb	C18
D052245	Usher Syndromes	C10
D052245	Usher Syndromes	C11
D052245	Usher Syndromes	C16
D052245	Usher Syndromes	C23
D052256	Tendinopathy	C05
D052456	Hypoalphalipoproteinemias	C16
D052456	Hypoalphalipoproteinemias	C18
D052801	Male Urogenital Diseases	OTH
D053159	Dysuria	C23
D053201	Urinary Bladder, Overactive	C23
D053306	Hyper-IgM Immunodeficiency Syndrome	C15
D053306	Hyper-IgM Immunodeficiency Syndrome	C16
D053306	Hyper-IgM Immunodeficiency Syndrome	C20
D053549	Pachyonychia Congenita	C16
D053549	Pachyonychia Congenita	C17
D054058	Acute Coronary Syndrome	C14
D054066	Leukemia, Large Granular Lymphocytic	C04
D054078	Mevalonate Kinase Deficiency	C10
D054078	Mevalonate Kinase Deficiency	C15
D054078	Mevalonate Kinase Deficiency	C16
D054078	Mevalonate Kinase Deficiency	C18
D054078	Mevalonate Kinase Deficiency	C20
D054179	Angioedemas, Hereditary	C14
D054179	Angioedemas, Hereditary	C16
D054179	Angioedemas, Hereditary	C17
D054179	Angioedemas, Hereditary	C20
D054198	Precursor Cell Lymphoblastic Leukemia-Lymphoma	C04
D054403	Leukemia, Prolymphocytic, B-Cell	C04
D054429	Leukemia, Myelomonocytic, Juvenile	C04
D054559	Hyperphosphatemia	C18
D054973	Perivascular Epithelioid Cell Neoplasms	C04
D054990	Idiopathic Pulmonary Fibrosis	C08
D055371	Acute Lung Injury	C08
D055496	Neurogenic Bowel	C06
D055501	Macrophage Activation Syndrome	C20
D055623	Keratosis, Actinic	C04
D055728	Primary Myelofibrosis	C15
D055752	Small Cell Lung Carcinoma	C04
D055948	Sarcopenia	C10
D055948	Sarcopenia	C23
D055953	Microscopic Polyangiitis	C10
D055953	Microscopic Polyangiitis	C14
D055953	Microscopic Polyangiitis	C20
D056587	Cryopyrin-Associated Periodic Syndromes	C16
D056587	Cryopyrin-Associated Periodic Syndromes	C17
D056650	Vulvodynia	OTH
D056693	Propionic Acidemia	C16
D056693	Propionic Acidemia	C18
D056735	Autoimmune Lymphoproliferative Syndrome	C15
D056735	Autoimmune Lymphoproliferative Syndrome	C16
D056735	Autoimmune Lymphoproliferative Syndrome	C20
D056769	Alstrom Syndrome	C10
D056769	Alstrom Syndrome	C11
D056769	Alstrom Syndrome	C16
D056770	Netherton Syndrome	C16
D056770	Netherton Syndrome	C17
D056806	Urea Cycle Disorders, Inborn	C10
D056806	Urea Cycle Disorders, Inborn	C16
D056806	Urea Cycle Disorders, Inborn	C18
D056807	Argininosuccinic Aciduria	C10
D056807	Argininosuccinic Aciduria	C16
D056807	Argininosuccinic Aciduria	C18
D056912	Binge-Eating Disorder	F03
D057049	Thrombotic Microangiopathies	C15
D057092	Geographic Atrophy	C11
D057130	Leber Congenital Amaurosis	C11
D057135	Wet Macular Degeneration	C11
D057180	Frontotemporal Dementia	C10
D057180	Frontotemporal Dementia	C18
D057180	Frontotemporal Dementia	F03
D057765	Eosinophilic Esophagitis	C06
D057765	Eosinophilic Esophagitis	C15
D057765	Eosinophilic Esophagitis	C20
D057826	Vitelliform Macular Dystrophy	C11
D057826	Vitelliform Macular Dystrophy	C16
D058065	Diabetic Cardiomyopathies	C14
D058065	Diabetic Cardiomyopathies	C19
D058088	Sarcoglycanopathies	C05
D058088	Sarcoglycanopathies	C08
D058088	Sarcoglycanopathies	C10
D058088	Sarcoglycanopathies	C14
D058088	Sarcoglycanopathies	C16
D058186	Acute Kidney Injury	OTH
D058456	Retinal Telangiectasis	C11
D058456	Retinal Telangiectasis	C14
D058496	Smith-Magenis Syndrome	C10
D058496	Smith-Magenis Syndrome	C16
D059226	Nociceptive Pain	C23
D059268	Atrophic Vaginitis	OTH
D059352	Musculoskeletal Pain	C05
D059352	Musculoskeletal Pain	C23
D059373	Mastodynia	C23
D059407	Pinguecula	C11
D059413	Intraabdominal Infections	C01
D060585	Fusariosis	C01
D060585	Fusariosis	C17
D060737	Reproductive Tract Infections	C01
D060831	Hand-Foot Syndrome	C17
D061205	Vascular Calcification	C18
D061686	Premature Ejaculation	F03
D062025	Organophosphate Poisoning	OTH
D064420	Drug-Related Side Effects and Adverse Reactions	OTH
D065227	Transfusion Reaction	C15
D065227	Transfusion Reaction	C20
D065306	Corneal Injuries	C10
D065306	Corneal Injuries	C11
D065446	Premenstrual Dysphoric Disorder	C23
D065446	Premenstrual Dysphoric Disorder	F03
D065626	Non-alcoholic Fatty Liver Disease	C06
D065631	Rhinitis, Allergic	C08
D065631	Rhinitis, Allergic	C20
D065632	Chikungunya Fever	C01
D065768	Lennox Gastaut Syndrome	C10
D065768	Lennox Gastaut Syndrome	C16
D065886	Neurodevelopmental Disorders	F03
		OTH
